anchor	idx	jp	ko	status	note
0333BA	0	イルザックおう!しろが ほういされております!	일자크 왕이시여!\n성이 포위되었습니다!	done	
0333BA	1	レディンよ、おまえは サルラスへ にげろ、\nあそこには わがともホーキングがいる。	레딘아, 너는 사르라스로 피하라。\n그곳에는 내 벗 호킹이 있다。	done	
0333BA	2	ちちうえ!なにを いわれるのです!	아버님! 무슨 말씀이십니까!	done	
0333BA	3	あんずるな、これしきで おちはせぬ。\nもしものためだ。	걱정 말라, 쉽게 무너지지 않는다。\n만일을 위한 것이다。	done	
0333BA	4	てきが うごきだしました!	적이 움직이기 시작했습니다!	done	
0333BA	5	ヴォルコフ、レディンを たのむ!	볼코프, 레딘을 부탁한다!	done	
0333BA	6	はっ!このヴォルコフ、いのちにかえましても!	옛! 이 볼코프, 목숨을 바치겠습니다!	done	
0333BA	7	さあ、ここは わたしたちにまかせて、\nおうじは はやくだっしゅつを!	자, 여기는 저희에게 맡기시고,\n왕자님은 서둘러 탈출하십시오!	done	
0333BA	8	なにをしている、はやくいけ!いかぬか!	무엇을 하고 있느냐, 어서 가라!\n못 가겠느냐!	done	
