id	addr	kr	status	note
prologue-01	090000	「랑그릿사」。 주인에게 무한한 힘을\n준다는 전설의 검。 지금은 발티아 성\n깊이 봉인된 비밀의 검이었다。\n세계 정복의 야망에 불타는 다르시스\n황제 디고스가 발티아로 진군했다。	done	완전판(56글리프). 동적 업로드 방식용 — tools/build_dynamic.py
prologue-01-static	038C42	주인에게 무한한 힘을 주는 검\n「랑그릿사」는 발티아 성에\n봉인되어 있었다。\n다르시스 황제 디고스는 그 힘을 노리고\n발티아로 진군했다。	done	축약판(37글리프). 8x8 정적 방식용 — 안전 타일 40개 제약에 맞춤. tools/patch_hangul.py
stage-01	038A38	  1.왕성 탈출  	done	스테이지명. 원문 王城脱出. 원본처럼 앞뒤 공백으로 중앙 맞춤
cond-01	03962E	레딘의 탈출(맵 끝으로)\n레딘의 사망	done	승리/패배 조건. 코드 64개에 맞추려 승리문의 "이동" 생략. 한 문자열에 두 줄(\n 하나 = 시각적 한 줄, encode 가 0x0D 두 개로 펼침), 勝利/敗北 라벨은 별도 2x2 그래픽이라 건드리지 않음
stage-02	-	  2.사르라스로  	done	
prologue-02	-	발티아 성을 탈출한 레딘은
사르라스로 향한다。 도중 순례단을
만났다。 그러나 앞길은 도적이 많은
위험한 곳。 레딘은 그들을 지키며
사르라스로 향한다。	done	
cond-02	-	크리스의 탈출(맵 위로)
크리스, 레딘의 사망	done	
stage-03	-	  3.습격  	done	
prologue-03	-	사르라스 마을에서 피로를 푸는
레딘。 그러나 그 틈을 노려
도적 무리가 마을에 침입해왔다。	done	
cond-03	-	적 리더(카・이로우) 격파
크리스, 레딘의 사망	done	
stage-04	-	  4.사령의 숲  	done	
prologue-04	-	발티아 함락을 알게 된 레딘은
적은 병력을 이끌고 곧장 발티아로
향한다。 도중 적의 눈을 피하려
사령의 숲을 지나고 있었다。	done	
cond-04	-	10턴 생존
레딘의 사망	done	
stage-05	-	  5.제국군 친위대  	done	
prologue-05	-	사르라스의 지원군과 합류한 레딘은
마침내 발티아로 진군을 시작했다。
그러나 그 앞길에 흑기사 란스가
이끄는 다르시스 제국 친위대가
가로막았다。	done	
cond-05	-	적 리더(란스) 격파
레딘의 사망	done	
