rec	row	jp	ko	note
03086E	0	移動	이동	유닛 명령
03086E	1	攻擊	공격
03086E	2	魔法	마법
03086E	3	治療	치료
03086E	4	指令	명령	용병 AI 지시 — 指揮範囲(지휘범위)와 구분해 명령으로
03087C	0	移動	이동	명령 2항목 변형
03087C	1	攻擊	공격
0309DC	0	移動	이동	용병 지시
0309DC	1	防御	방어
0309DC	2	攻擊	공격
0309DC	3	手動	수동
030AAA	0	フェイズ終了	턴 종료	9칸 = 4.5음절. 페이즈종료(5음절)는 안 들어간다
030AAA	1	全マップ	전체맵
030AAA	2	勝利条件	승리 조건
030AAA	3	半自動	반자동
030AAA	4	ゲーム速度	게임 속도
030AAA	5	BGM		영어 라벨 — 원본 픽셀 유지
030AAA	6	中断	중단
030B3C	0	遅い	느림	게임 속도
030B3C	1	普通	보통
030B3C	2	速い	빠름
030B72	0	ON		영어 라벨 — 원본 픽셀 유지
030B72	1	OFF
030F9E	0	兵士	병사	출전 준비
030F9E	1	アイテム	아이템
030F9E	2	スタート	시작
030A1A	0	データ		이 메뉴는 손대지 않는다 (tools/menu.py UNTOUCHED) — 어느 풀과
030A1A	1	?		짝인지 미확정. 이 풀로 렌더하면 가운데 줄이 깨진다
030A1A	2	全マップ
030FEE	0	アイテム選択	아이템선택	선택 창 제목 (리소스 0x81 풀, 로드 직후 덮어쓴다)
03104C	0	兵士選択	병사선택	8칸 = 4음절
0310A6	0	指揮官選択	지휘관선택
038800	0	プロローグ	프롤로그
battle	0	基本能力	기본능력	전투씬 라벨 (서술자 0xFB10 공유, 타일 1416+30k)
battle	1	指揮修正	지휘수정
battle	2	レベル修正	레벨수정
battle	3	地形効果	지형효과
deploy	0	指揮官選択	지휘관	8칸 = 4음절 자리. 원문은 5한자를 12px 로 눌러 넣었다
deploy	1	位置選択	위치선택
attack	0	攻擊先選択	공격 대상	10칸 = 5글리프 자리. 코드가 네임테이블에 직접 쓴다(0x0D0AA)
